General,Vulnerabilities,Code,Domains,Leaks,Images
Google,MITRE CVE,SearchCode,DomainIQ,Snusbase,Yandex Images Search
Bing,CVEDetails,Grep.app,Whoisology,Leak-Lookup,Pimeyes
Baidu,OpenCVE,PublicWWW,Robtex,BreachDirectory,FacecheckID
Yahoo,OSV,NerdyData,Intelligence X ,WikiLeaks,Tineye
Yandex,NIST NVD,RepoSearch,Pentest-tools,Siph0n Breach DB,Baidu Image
DuckDuckGo,Vulners,WebFinery,BuiltWith,Cryptome,Bing Visual Search
Servers,Exploits,Emails,Certificates,Phone Numbers,People
Netlas❤︎ ,Sploitus,RocketSearch,Crt.sh,NumLookup,Pipl
Shodan,Exploit DB,Hunter.io,CTSearch,SpyDialer,PeekYou
Onyphe,Exploit Alert,VoilaNorbert,CertSpotter,Sync.me,Webmii
Censys,CVExploits Search,Snov,CertificateDetails,USPhoneBook,FamilySearch
ZoomEye,VARIoT,ContactOut,Certs.io,TruePeopleSearch,Ancestry
Fofa,0day.today,Tomba,Censys Certificates Search,ZabaSearch,TruthFinder
