Search engines,Channel catalogs,Tools
Telegago❤︎ ,Tgstat,Telegram Tracker
Commentgram,TelegramDB,Telegram Similar Channels
Lyzem,TDirectory,Telepathy
Buzz.im,Combot,Telegram Message Analyzer
Telegrack,Telemetrio,Geogramint
Francesco Poldi Telegram CSE,Tgram,Telegram Nearby Map
Bots,Dorks,Links collections
@creationdatebot,site:t.me “search term”,Telegram @cybdetective
@userinfobot,site:telegram.me “search term”,https://github.com/cqcore/Telegram-OSINT
@username_to_id_bot,“t.me/joinchat” “search term”,https://github.com/ItIsMeCall911/Awesome-Telegram-OSINT
@tgscanrobot,"site:telegra.ph ""search term""",https://github.com/Ginsberg5150/Discord-and-Telegram-OSINT-references
